﻿<?xml version="1.0" encoding="utf-8"?>
<manifest identifier="_6qKZJRT6fqy" version="1.0" xmlns="http://www.imsproject.org/xsd/imscp_rootv1p1p2" xmlns:adlcp="http://www.adlnet.org/xsd/adlcp_rootv1p2" xmlns:xsi="http://www.w3.org/2001/XMLSchema-instance" xsi:schemaLocation="http://www.imsproject.org/xsd/imscp_rootv1p1p2 imscp_rootv1p1p2.xsd http://www.imsglobal.org/xsd/imsmd_rootv1p2p1 imsmd_rootv1p2p1.xsd http://www.adlnet.org/xsd/adlcp_rootv1p2 adlcp_rootv1p2.xsd">
  <metadata>
    <schema>ADL SCORM</schema>
    <schemaversion>1.2</schemaversion>
    <lom xmlns="http://www.imsglobal.org/xsd/imsmd_rootv1p2p1" xmlns:xsi="http://www.w3.org/2001/XMLSchema-instance" xsi:schemaLocation="http://www.imsglobal.org/xsd/imsmd_rootv1p2p1 imsmd_rootv1p2p1.xsd">
      <general>
        <title>
          <langstring xml:lang="x-none">draftnewest</langstring>
        </title>
      </general>
      <lifecycle>
        <version>
          <langstring xml:lang="x-none">1</langstring>
        </version>
        <status>
          <source>
            <langstring xml:lang="x-none">LOMv1.0</langstring>
          </source>
          <value>
            <langstring xml:lang="x-none">Final</langstring>
          </value>
        </status>
      </lifecycle>
      <metametadata>
        <metadatascheme>ADL SCORM 1.2</metadatascheme>
      </metametadata>
      <educational>
        <typicallearningtime>
          <datetime>PT0H0M0S</datetime>
        </typicallearningtime>
      </educational>
      <rights>
        <cost>
          <source>
            <langstring xml:lang="x-none">LOMv1.0</langstring>
          </source>
          <value>
            <langstring xml:lang="x-none">yes</langstring>
          </value>
        </cost>
        <copyrightandotherrestrictions>
          <source>
            <langstring xml:lang="x-none">LOMv1.0</langstring>
          </source>
          <value>
            <langstring xml:lang="x-none">yes</langstring>
          </value>
        </copyrightandotherrestrictions>
      </rights>
    </lom>
  </metadata>
  <organizations default="draftnewest_ORG">
    <organization identifier="draftnewest_ORG">
      <title>draftnewest</title>
      <item identifier="draft8_SCO" isvisible="true" identifierref="__6qKZJRT6fqy_RES">
        <title>draftnewest</title>
        <adlcp:masteryscore>80</adlcp:masteryscore>
      </item>
    </organization>
  </organizations>
  <resources>
    <resource identifier="__6qKZJRT6fqy_RES" type="webcontent" href="index_lms.html" adlcp:scormtype="sco">
      <file href="story_content/thumbnail.jpg" />
      <file href="mobile/6WrLYjT8crz.jpg" />
      <file href="mobile/5xIg1gEjSjV.png" />
      <file href="story_content/5thOC8TQyMf.js" />
      <file href="mobile/5umcr3nOpY5.jpg" />
      <file href="story_content/6kQIRa32Xk3.js" />
      <file href="story_content/6ELFdGwVUfG.js" />
      <file href="story_content/6W3YDmg2xaI.js" />
      <file href="story_content/6XeyKTn7nCM.js" />
      <file href="mobile/6gX2DUjK8cM.gif" />
      <file href="mobile/5Xv37zVjlVW_P_0_82_847_676.gif" />
      <file href="story_content/5hrbA8BGbQ3.js" />
      <file href="story_content/5dvYNUxFBfb.js" />
      <file href="story_content/683ZBwa9Yv0.js" />
      <file href="story_content/6CgUxfdjdhl.js" />
      <file href="story_content/6PbujFDsQIf.js" />
      <file href="story_content/6FTuKVEA92P.js" />
      <file href="story_content/5uhjgjBFOOv.js" />
      <file href="story_content/6XBj1duZ7Tmx.js" />
      <file href="story_content/6XP2pgIqWc0.js" />
      <file href="story_content/6q3gQ1BFsjs.js" />
      <file href="story_content/6BFNSdDIwIq.js" />
      <file href="story_content/5WXqDnvoP7Y.js" />
      <file href="story_content/6BQ20aMb3yY.js" />
      <file href="story_content/5aCbYK8Tu9Z.js" />
      <file href="story_content/6Uw9EUUNOG9.js" />
      <file href="story_content/5WRN2AjgBRN.js" />
      <file href="story_content/6dDeesc1rVk.js" />
      <file href="story_content/5WXqDnvoP7Yx.js" />
      <file href="story_content/6OcgXtX6F1O.js" />
      <file href="story_content/6lCJRlQCRjk.js" />
      <file href="story_content/5usSRfiwRS6.js" />
      <file href="story_content/6PchmwgWCSCx.js" />
      <file href="story_content/5ctbxfOqUH6.js" />
      <file href="story_content/5dgnVWoyPYG.js" />
      <file href="story_content/65uFOMCXCvR.js" />
      <file href="story_content/6KAZjvSFWqr.js" />
      <file href="story_content/6COH5qArL49.js" />
      <file href="story_content/6WRRGp1d492.js" />
      <file href="story_content/6nkXlPTX8dl.js" />
      <file href="story_content/5pEy26xs9j6.js" />
      <file href="story_content/6RxSYxceJW8.js" />
      <file href="story_content/6LNtnhYjM9I.js" />
      <file href="story_content/696GtObSVge.js" />
      <file href="story_content/6Z1fhMOvRbA.js" />
      <file href="story_content/5kz7hCF2Qr0.js" />
      <file href="story_content/5y4WnyRnoSq_44100_48_0.mp3" />
      <file href="story_content/634SPuNXmin.js" />
      <file href="story_content/6mMdp97MhcX.js" />
      <file href="story_content/5nPB8TrVdOK.js" />
      <file href="story_content/5nyRlrnylEY.js" />
      <file href="story_content/6AIGompHxca.js" />
      <file href="story_content/63h5PwuqNuf.js" />
      <file href="story_content/6VqVeg549m2.js" />
      <file href="story_content/6o97NfiNbUh.js" />
      <file href="story_content/6DN5YlkuoJ5.js" />
      <file href="story_content/5dhb9RAewoA.js" />
      <file href="story_content/6DfUwMFMwwO.js" />
      <file href="story_content/5n3TKztOh7z.js" />
      <file href="story_content/6Tllir2SzDc.js" />
      <file href="story_content/61NINX2rfMs.js" />
      <file href="story_content/6loQiiVpSvL_44100_48_0.mp3" />
      <file href="story_content/5tElWiFD8Od.js" />
      <file href="story_content/5ZwWFtbTWW5.js" />
      <file href="story_content/5XVDPYQOxmo.js" />
      <file href="story_content/6FODmLZfYO3.js" />
      <file href="story_content/video_6Vha47banE8_48_194x456.hls/main.m3u8" />
      <file href="story_content/video_6Vha47banE8_48_194x456.hls/stream_0.m3u8" />
      <file href="story_content/video_6Vha47banE8_48_194x456.hls/stream_0data000000.ts" />
      <file href="story_content/video_6Vha47banE8_48_194x456.hls/stream_0data000001.ts" />
      <file href="story_content/video_6Vha47banE8_48_194x456.hls/stream_0data000002.ts" />
      <file href="story_content/video_6Vha47banE8_48_194x456.hls/stream_0data000003.ts" />
      <file href="story_content/video_6Vha47banE8_48_194x456.hls/stream_0data000004.ts" />
      <file href="story_content/video_6Vha47banE8_48_194x456.hls/stream_0data000005.ts" />
      <file href="story_content/video_6Vha47banE8_48_194x456.hls/stream_0data000006.ts" />
      <file href="story_content/video_6Vha47banE8_48_194x456.hls/stream_0data000007.ts" />
      <file href="story_content/video_6Vha47banE8_48_194x456.hls/stream_0data000008.ts" />
      <file href="story_content/video_6Vha47banE8_48_194x456.hls/stream_0data000009.ts" />
      <file href="story_content/video_6Vha47banE8_48_194x456.hls/stream_0data000010.ts" />
      <file href="story_content/video_6Vha47banE8_48_194x456.hls/stream_0data000011.ts" />
      <file href="story_content/video_6Vha47banE8_48_194x456.hls/stream_0data000012.ts" />
      <file href="story_content/video_6Vha47banE8_48_194x456.hls/stream_0data000013.ts" />
      <file href="story_content/video_6Vha47banE8_48_194x456.hls/stream_0data000014.ts" />
      <file href="story_content/video_6Vha47banE8_48_194x456.hls/stream_0data000015.ts" />
      <file href="story_content/video_6Vha47banE8_48_194x456.hls/stream_0data000016.ts" />
      <file href="story_content/video_6Vha47banE8_48_194x456.hls/stream_0data000017.ts" />
      <file href="story_content/video_6Vha47banE8_48_194x456.hls/stream_0data000018.ts" />
      <file href="story_content/video_6Vha47banE8_48_194x456.hls/stream_0data000019.ts" />
      <file href="story_content/video_6Vha47banE8_48_194x456.hls/stream_0data000020.ts" />
      <file href="story_content/video_6Vha47banE8_48_194x456.hls/stream_0data000021.ts" />
      <file href="story_content/video_6Vha47banE8_48_194x456.hls/stream_0data000022.ts" />
      <file href="story_content/video_6Vha47banE8_48_194x456.hls/stream_0data000023.ts" />
      <file href="story_content/video_6Vha47banE8_48_194x456.hls/stream_0data000024.ts" />
      <file href="story_content/video_6Vha47banE8_48_194x456.hls/stream_0data000025.ts" />
      <file href="story_content/video_6Vha47banE8_48_194x456.hls/stream_0data000026.ts" />
      <file href="story_content/video_6Vha47banE8_48_194x456.hls/stream_0data000027.ts" />
      <file href="story_content/video_6Vha47banE8_48_194x456.hls/stream_0data000028.ts" />
      <file href="story_content/video_6Vha47banE8_48_194x456.hls/stream_0data000029.ts" />
      <file href="story_content/video_6Vha47banE8_48_194x456.hls/stream_0data000030.ts" />
      <file href="story_content/video_6Vha47banE8_48_194x456.hls/stream_0data000031.ts" />
      <file href="story_content/video_6Vha47banE8_48_194x456.hls/stream_0data000032.ts" />
      <file href="story_content/video_6Vha47banE8_48_194x456.hls/stream_0data000033.ts" />
      <file href="story_content/video_6Vha47banE8_48_194x456.hls/stream_0data000034.ts" />
      <file href="story_content/video_6Vha47banE8_48_194x456.hls/stream_0data000035.ts" />
      <file href="story_content/video_6Vha47banE8_48_194x456.hls/stream_0data000036.ts" />
      <file href="story_content/video_6Vha47banE8_48_194x456.hls/stream_0data000037.ts" />
      <file href="story_content/video_6Vha47banE8_48_194x456.hls/stream_0data000038.ts" />
      <file href="story_content/video_6Vha47banE8_48_194x456.hls/stream_0data000039.ts" />
      <file href="story_content/video_6Vha47banE8_48_194x456.hls/stream_0data000040.ts" />
      <file href="story_content/video_6Vha47banE8_48_194x456.hls/stream_0data000041.ts" />
      <file href="story_content/video_6Vha47banE8_48_194x456.hls/stream_0data000042.ts" />
      <file href="story_content/video_6Vha47banE8_48_194x456.hls/stream_0data000043.ts" />
      <file href="story_content/video_6Vha47banE8_48_194x456.hls/stream_0data000044.ts" />
      <file href="story_content/video_6Vha47banE8_48_194x456.hls/stream_0data000045.ts" />
      <file href="story_content/video_6Vha47banE8_48_194x456.hls/stream_0data000046.ts" />
      <file href="story_content/video_6Vha47banE8_48_194x456.hls/stream_0data000047.ts" />
      <file href="story_content/video_6Vha47banE8_48_194x456.hls/stream_0data000048.ts" />
      <file href="story_content/video_6Vha47banE8_48_194x456.hls/stream_0data000049.ts" />
      <file href="story_content/video_6Vha47banE8_48_194x456.hls/stream_0data000050.ts" />
      <file href="story_content/video_6Vha47banE8_48_194x456.hls/stream_0data000051.ts" />
      <file href="story_content/video_6Vha47banE8_48_194x456.hls/stream_0data000052.ts" />
      <file href="story_content/video_6Vha47banE8_48_194x456.hls/stream_0data000053.ts" />
      <file href="story_content/video_6Vha47banE8_48_194x456.hls/stream_0data000054.ts" />
      <file href="story_content/video_6Vha47banE8_48_194x456.hls/stream_0data000055.ts" />
      <file href="story_content/video_6Vha47banE8_48_194x456.hls/stream_0data000056.ts" />
      <file href="story_content/video_6Vha47banE8_48_194x456.hls/stream_0data000057.ts" />
      <file href="story_content/video_6Vha47banE8_48_194x456.hls/stream_0data000058.ts" />
      <file href="story_content/video_6Vha47banE8_48_194x456.hls/stream_0data000059.ts" />
      <file href="story_content/video_6Vha47banE8_48_194x456.hls/stream_0data000060.ts" />
      <file href="story_content/video_6Vha47banE8_48_194x456.hls/stream_0data000061.ts" />
      <file href="story_content/video_6Vha47banE8_48_194x456.hls/stream_0data000062.ts" />
      <file href="story_content/video_6Vha47banE8_48_194x456.hls/stream_0data000063.ts" />
      <file href="story_content/video_6Vha47banE8_48_194x456.hls/stream_0data000064.ts" />
      <file href="story_content/video_6Vha47banE8_48_194x456.hls/stream_0data000065.ts" />
      <file href="story_content/video_6Vha47banE8_48_194x456.hls/stream_0data000066.ts" />
      <file href="story_content/video_6Vha47banE8_48_194x456.hls/stream_0data000067.ts" />
      <file href="story_content/video_6Vha47banE8_48_194x456.hls/stream_0data000068.ts" />
      <file href="story_content/video_6Vha47banE8_48_194x456.hls/stream_0data000069.ts" />
      <file href="story_content/video_6Vha47banE8_48_194x456.hls/stream_0data000070.ts" />
      <file href="story_content/video_6Vha47banE8_48_194x456.hls/stream_0data000071.ts" />
      <file href="story_content/video_6Vha47banE8_48_194x456.hls/stream_0data000072.ts" />
      <file href="story_content/video_6Vha47banE8_48_194x456.hls/stream_0data000073.ts" />
      <file href="story_content/video_6Vha47banE8_48_194x456.hls/stream_0data000074.ts" />
      <file href="story_content/video_6Vha47banE8_48_194x456.hls/stream_0data000075.ts" />
      <file href="story_content/video_6Vha47banE8_48_194x456.hls/stream_0data000076.ts" />
      <file href="story_content/video_6Vha47banE8_48_194x456.hls/stream_0data000077.ts" />
      <file href="story_content/video_6Vha47banE8_48_194x456.hls/stream_0data000078.ts" />
      <file href="story_content/video_6Vha47banE8_48_194x456.hls/stream_0data000079.ts" />
      <file href="story_content/video_6Vha47banE8_48_194x456.hls/stream_0data000080.ts" />
      <file href="story_content/video_6Vha47banE8_48_194x456.hls/stream_0data000081.ts" />
      <file href="story_content/video_6Vha47banE8_48_194x456.hls/stream_0data000082.ts" />
      <file href="story_content/video_6Vha47banE8_48_194x456.hls/stream_0data000083.ts" />
      <file href="story_content/video_6Vha47banE8_48_194x456.hls/stream_0data000084.ts" />
      <file href="story_content/video_6Vha47banE8_48_194x456.hls/stream_0data000085.ts" />
      <file href="story_content/video_6Vha47banE8_48_194x456.hls/stream_0data000086.ts" />
      <file href="story_content/video_6Vha47banE8_48_194x456.hls/stream_1.m3u8" />
      <file href="story_content/video_6Vha47banE8_48_194x456.hls/stream_1data000000.ts" />
      <file href="story_content/video_6Vha47banE8_48_194x456.hls/stream_1data000001.ts" />
      <file href="story_content/video_6Vha47banE8_48_194x456.hls/stream_1data000002.ts" />
      <file href="story_content/video_6Vha47banE8_48_194x456.hls/stream_1data000003.ts" />
      <file href="story_content/video_6Vha47banE8_48_194x456.hls/stream_1data000004.ts" />
      <file href="story_content/video_6Vha47banE8_48_194x456.hls/stream_1data000005.ts" />
      <file href="story_content/video_6Vha47banE8_48_194x456.hls/stream_1data000006.ts" />
      <file href="story_content/video_6Vha47banE8_48_194x456.hls/stream_1data000007.ts" />
      <file href="story_content/video_6Vha47banE8_48_194x456.hls/stream_1data000008.ts" />
      <file href="story_content/video_6Vha47banE8_48_194x456.hls/stream_1data000009.ts" />
      <file href="story_content/video_6Vha47banE8_48_194x456.hls/stream_1data000010.ts" />
      <file href="story_content/video_6Vha47banE8_48_194x456.hls/stream_1data000011.ts" />
      <file href="story_content/video_6Vha47banE8_48_194x456.hls/stream_1data000012.ts" />
      <file href="story_content/video_6Vha47banE8_48_194x456.hls/stream_1data000013.ts" />
      <file href="story_content/video_6Vha47banE8_48_194x456.hls/stream_1data000014.ts" />
      <file href="story_content/video_6Vha47banE8_48_194x456.hls/stream_1data000015.ts" />
      <file href="story_content/video_6Vha47banE8_48_194x456.hls/stream_1data000016.ts" />
      <file href="story_content/video_6Vha47banE8_48_194x456.hls/stream_1data000017.ts" />
      <file href="story_content/video_6Vha47banE8_48_194x456.hls/stream_1data000018.ts" />
      <file href="story_content/video_6Vha47banE8_48_194x456.hls/stream_1data000019.ts" />
      <file href="story_content/video_6Vha47banE8_48_194x456.hls/stream_1data000020.ts" />
      <file href="story_content/video_6Vha47banE8_48_194x456.hls/stream_1data000021.ts" />
      <file href="story_content/video_6Vha47banE8_48_194x456.hls/stream_1data000022.ts" />
      <file href="story_content/video_6Vha47banE8_48_194x456.hls/stream_1data000023.ts" />
      <file href="story_content/video_6Vha47banE8_48_194x456.hls/stream_1data000024.ts" />
      <file href="story_content/video_6Vha47banE8_48_194x456.hls/stream_1data000025.ts" />
      <file href="story_content/video_6Vha47banE8_48_194x456.hls/stream_1data000026.ts" />
      <file href="story_content/video_6Vha47banE8_48_194x456.hls/stream_1data000027.ts" />
      <file href="story_content/video_6Vha47banE8_48_194x456.hls/stream_1data000028.ts" />
      <file href="story_content/video_6Vha47banE8_48_194x456.hls/stream_1data000029.ts" />
      <file href="story_content/video_6Vha47banE8_48_194x456.hls/stream_1data000030.ts" />
      <file href="story_content/video_6Vha47banE8_48_194x456.hls/stream_1data000031.ts" />
      <file href="story_content/video_6Vha47banE8_48_194x456.hls/stream_1data000032.ts" />
      <file href="story_content/video_6Vha47banE8_48_194x456.hls/stream_1data000033.ts" />
      <file href="story_content/video_6Vha47banE8_48_194x456.hls/stream_1data000034.ts" />
      <file href="story_content/video_6Vha47banE8_48_194x456.hls/stream_1data000035.ts" />
      <file href="story_content/video_6Vha47banE8_48_194x456.hls/stream_1data000036.ts" />
      <file href="story_content/video_6Vha47banE8_48_194x456.hls/stream_1data000037.ts" />
      <file href="story_content/video_6Vha47banE8_48_194x456.hls/stream_1data000038.ts" />
      <file href="story_content/video_6Vha47banE8_48_194x456.hls/stream_1data000039.ts" />
      <file href="story_content/video_6Vha47banE8_48_194x456.hls/stream_1data000040.ts" />
      <file href="story_content/video_6Vha47banE8_48_194x456.hls/stream_1data000041.ts" />
      <file href="story_content/video_6Vha47banE8_48_194x456.hls/stream_1data000042.ts" />
      <file href="story_content/video_6Vha47banE8_48_194x456.hls/stream_1data000043.ts" />
      <file href="story_content/video_6Vha47banE8_48_194x456.hls/stream_1data000044.ts" />
      <file href="story_content/video_6Vha47banE8_48_194x456.hls/stream_1data000045.ts" />
      <file href="story_content/video_6Vha47banE8_48_194x456.hls/stream_1data000046.ts" />
      <file href="story_content/video_6Vha47banE8_48_194x456.hls/stream_1data000047.ts" />
      <file href="story_content/video_6Vha47banE8_48_194x456.hls/stream_1data000048.ts" />
      <file href="story_content/video_6Vha47banE8_48_194x456.hls/stream_1data000049.ts" />
      <file href="story_content/video_6Vha47banE8_48_194x456.hls/stream_1data000050.ts" />
      <file href="story_content/video_6Vha47banE8_48_194x456.hls/stream_1data000051.ts" />
      <file href="story_content/video_6Vha47banE8_48_194x456.hls/stream_1data000052.ts" />
      <file href="story_content/video_6Vha47banE8_48_194x456.hls/stream_1data000053.ts" />
      <file href="story_content/video_6Vha47banE8_48_194x456.hls/stream_1data000054.ts" />
      <file href="story_content/video_6Vha47banE8_48_194x456.hls/stream_1data000055.ts" />
      <file href="story_content/video_6Vha47banE8_48_194x456.hls/stream_1data000056.ts" />
      <file href="story_content/video_6Vha47banE8_48_194x456.hls/stream_1data000057.ts" />
      <file href="story_content/video_6Vha47banE8_48_194x456.hls/stream_1data000058.ts" />
      <file href="story_content/video_6Vha47banE8_48_194x456.hls/stream_1data000059.ts" />
      <file href="story_content/video_6Vha47banE8_48_194x456.hls/stream_1data000060.ts" />
      <file href="story_content/video_6Vha47banE8_48_194x456.hls/stream_1data000061.ts" />
      <file href="story_content/video_6Vha47banE8_48_194x456.hls/stream_1data000062.ts" />
      <file href="story_content/video_6Vha47banE8_48_194x456.hls/stream_1data000063.ts" />
      <file href="story_content/video_6Vha47banE8_48_194x456.hls/stream_1data000064.ts" />
      <file href="story_content/video_6Vha47banE8_48_194x456.hls/stream_1data000065.ts" />
      <file href="story_content/video_6Vha47banE8_48_194x456.hls/stream_1data000066.ts" />
      <file href="story_content/video_6Vha47banE8_48_194x456.hls/stream_1data000067.ts" />
      <file href="story_content/video_6Vha47banE8_48_194x456.hls/stream_1data000068.ts" />
      <file href="story_content/video_6Vha47banE8_48_194x456.hls/stream_1data000069.ts" />
      <file href="story_content/video_6Vha47banE8_48_194x456.hls/stream_1data000070.ts" />
      <file href="story_content/video_6Vha47banE8_48_194x456.hls/stream_1data000071.ts" />
      <file href="story_content/video_6Vha47banE8_48_194x456.hls/stream_1data000072.ts" />
      <file href="story_content/video_6Vha47banE8_48_194x456.hls/stream_1data000073.ts" />
      <file href="story_content/video_6Vha47banE8_48_194x456.hls/stream_1data000074.ts" />
      <file href="story_content/video_6Vha47banE8_48_194x456.hls/stream_1data000075.ts" />
      <file href="story_content/video_6Vha47banE8_48_194x456.hls/stream_1data000076.ts" />
      <file href="story_content/video_6Vha47banE8_48_194x456.hls/stream_1data000077.ts" />
      <file href="story_content/video_6Vha47banE8_48_194x456.hls/stream_1data000078.ts" />
      <file href="story_content/video_6Vha47banE8_48_194x456.hls/stream_1data000079.ts" />
      <file href="story_content/video_6Vha47banE8_48_194x456.hls/stream_1data000080.ts" />
      <file href="story_content/video_6Vha47banE8_48_194x456.hls/stream_1data000081.ts" />
      <file href="story_content/video_6Vha47banE8_48_194x456.hls/stream_1data000082.ts" />
      <file href="story_content/video_6Vha47banE8_48_194x456.hls/stream_1data000083.ts" />
      <file href="story_content/video_6Vha47banE8_48_194x456.hls/stream_1data000084.ts" />
      <file href="story_content/video_6Vha47banE8_48_194x456.hls/stream_1data000085.ts" />
      <file href="story_content/video_6Vha47banE8_48_194x456.hls/stream_1data000086.ts" />
      <file href="story_content/video_6Vha47banE8_48_194x456.hls/stream_2.m3u8" />
      <file href="story_content/video_6Vha47banE8_48_194x456.hls/stream_2data000000.ts" />
      <file href="story_content/video_6Vha47banE8_48_194x456.hls/stream_2data000001.ts" />
      <file href="story_content/video_6Vha47banE8_48_194x456.hls/stream_2data000002.ts" />
      <file href="story_content/video_6Vha47banE8_48_194x456.hls/stream_2data000003.ts" />
      <file href="story_content/video_6Vha47banE8_48_194x456.hls/stream_2data000004.ts" />
      <file href="story_content/video_6Vha47banE8_48_194x456.hls/stream_2data000005.ts" />
      <file href="story_content/video_6Vha47banE8_48_194x456.hls/stream_2data000006.ts" />
      <file href="story_content/video_6Vha47banE8_48_194x456.hls/stream_2data000007.ts" />
      <file href="story_content/video_6Vha47banE8_48_194x456.hls/stream_2data000008.ts" />
      <file href="story_content/video_6Vha47banE8_48_194x456.hls/stream_2data000009.ts" />
      <file href="story_content/video_6Vha47banE8_48_194x456.hls/stream_2data000010.ts" />
      <file href="story_content/video_6Vha47banE8_48_194x456.hls/stream_2data000011.ts" />
      <file href="story_content/video_6Vha47banE8_48_194x456.hls/stream_2data000012.ts" />
      <file href="story_content/video_6Vha47banE8_48_194x456.hls/stream_2data000013.ts" />
      <file href="story_content/video_6Vha47banE8_48_194x456.hls/stream_2data000014.ts" />
      <file href="story_content/video_6Vha47banE8_48_194x456.hls/stream_2data000015.ts" />
      <file href="story_content/video_6Vha47banE8_48_194x456.hls/stream_2data000016.ts" />
      <file href="story_content/video_6Vha47banE8_48_194x456.hls/stream_2data000017.ts" />
      <file href="story_content/video_6Vha47banE8_48_194x456.hls/stream_2data000018.ts" />
      <file href="story_content/video_6Vha47banE8_48_194x456.hls/stream_2data000019.ts" />
      <file href="story_content/video_6Vha47banE8_48_194x456.hls/stream_2data000020.ts" />
      <file href="story_content/video_6Vha47banE8_48_194x456.hls/stream_2data000021.ts" />
      <file href="story_content/video_6Vha47banE8_48_194x456.hls/stream_2data000022.ts" />
      <file href="story_content/video_6Vha47banE8_48_194x456.hls/stream_2data000023.ts" />
      <file href="story_content/video_6Vha47banE8_48_194x456.hls/stream_2data000024.ts" />
      <file href="story_content/video_6Vha47banE8_48_194x456.hls/stream_2data000025.ts" />
      <file href="story_content/video_6Vha47banE8_48_194x456.hls/stream_2data000026.ts" />
      <file href="story_content/video_6Vha47banE8_48_194x456.hls/stream_2data000027.ts" />
      <file href="story_content/video_6Vha47banE8_48_194x456.hls/stream_2data000028.ts" />
      <file href="story_content/video_6Vha47banE8_48_194x456.hls/stream_2data000029.ts" />
      <file href="story_content/video_6Vha47banE8_48_194x456.hls/stream_2data000030.ts" />
      <file href="story_content/video_6Vha47banE8_48_194x456.hls/stream_2data000031.ts" />
      <file href="story_content/video_6Vha47banE8_48_194x456.hls/stream_2data000032.ts" />
      <file href="story_content/video_6Vha47banE8_48_194x456.hls/stream_2data000033.ts" />
      <file href="story_content/video_6Vha47banE8_48_194x456.hls/stream_2data000034.ts" />
      <file href="story_content/video_6Vha47banE8_48_194x456.hls/stream_2data000035.ts" />
      <file href="story_content/video_6Vha47banE8_48_194x456.hls/stream_2data000036.ts" />
      <file href="story_content/video_6Vha47banE8_48_194x456.hls/stream_2data000037.ts" />
      <file href="story_content/video_6Vha47banE8_48_194x456.hls/stream_2data000038.ts" />
      <file href="story_content/video_6Vha47banE8_48_194x456.hls/stream_2data000039.ts" />
      <file href="story_content/video_6Vha47banE8_48_194x456.hls/stream_2data000040.ts" />
      <file href="story_content/video_6Vha47banE8_48_194x456.hls/stream_2data000041.ts" />
      <file href="story_content/video_6Vha47banE8_48_194x456.hls/stream_2data000042.ts" />
      <file href="story_content/video_6Vha47banE8_48_194x456.hls/stream_2data000043.ts" />
      <file href="story_content/video_6Vha47banE8_48_194x456.hls/stream_2data000044.ts" />
      <file href="story_content/video_6Vha47banE8_48_194x456.hls/stream_2data000045.ts" />
      <file href="story_content/video_6Vha47banE8_48_194x456.hls/stream_2data000046.ts" />
      <file href="story_content/video_6Vha47banE8_48_194x456.hls/stream_2data000047.ts" />
      <file href="story_content/video_6Vha47banE8_48_194x456.hls/stream_2data000048.ts" />
      <file href="story_content/video_6Vha47banE8_48_194x456.hls/stream_2data000049.ts" />
      <file href="story_content/video_6Vha47banE8_48_194x456.hls/stream_2data000050.ts" />
      <file href="story_content/video_6Vha47banE8_48_194x456.hls/stream_2data000051.ts" />
      <file href="story_content/video_6Vha47banE8_48_194x456.hls/stream_2data000052.ts" />
      <file href="story_content/video_6Vha47banE8_48_194x456.hls/stream_2data000053.ts" />
      <file href="story_content/video_6Vha47banE8_48_194x456.hls/stream_2data000054.ts" />
      <file href="story_content/video_6Vha47banE8_48_194x456.hls/stream_2data000055.ts" />
      <file href="story_content/video_6Vha47banE8_48_194x456.hls/stream_2data000056.ts" />
      <file href="story_content/video_6Vha47banE8_48_194x456.hls/stream_2data000057.ts" />
      <file href="story_content/video_6Vha47banE8_48_194x456.hls/stream_2data000058.ts" />
      <file href="story_content/video_6Vha47banE8_48_194x456.hls/stream_2data000059.ts" />
      <file href="story_content/video_6Vha47banE8_48_194x456.hls/stream_2data000060.ts" />
      <file href="story_content/video_6Vha47banE8_48_194x456.hls/stream_2data000061.ts" />
      <file href="story_content/video_6Vha47banE8_48_194x456.hls/stream_2data000062.ts" />
      <file href="story_content/video_6Vha47banE8_48_194x456.hls/stream_2data000063.ts" />
      <file href="story_content/video_6Vha47banE8_48_194x456.hls/stream_2data000064.ts" />
      <file href="story_content/video_6Vha47banE8_48_194x456.hls/stream_2data000065.ts" />
      <file href="story_content/video_6Vha47banE8_48_194x456.hls/stream_2data000066.ts" />
      <file href="story_content/video_6Vha47banE8_48_194x456.hls/stream_2data000067.ts" />
      <file href="story_content/video_6Vha47banE8_48_194x456.hls/stream_2data000068.ts" />
      <file href="story_content/video_6Vha47banE8_48_194x456.hls/stream_2data000069.ts" />
      <file href="story_content/video_6Vha47banE8_48_194x456.hls/stream_2data000070.ts" />
      <file href="story_content/video_6Vha47banE8_48_194x456.hls/stream_2data000071.ts" />
      <file href="story_content/video_6Vha47banE8_48_194x456.hls/stream_2data000072.ts" />
      <file href="story_content/video_6Vha47banE8_48_194x456.hls/stream_2data000073.ts" />
      <file href="story_content/video_6Vha47banE8_48_194x456.hls/stream_2data000074.ts" />
      <file href="story_content/video_6Vha47banE8_48_194x456.hls/stream_2data000075.ts" />
      <file href="story_content/video_6Vha47banE8_48_194x456.hls/stream_2data000076.ts" />
      <file href="story_content/video_6Vha47banE8_48_194x456.hls/stream_2data000077.ts" />
      <file href="story_content/video_6Vha47banE8_48_194x456.hls/stream_2data000078.ts" />
      <file href="story_content/video_6Vha47banE8_48_194x456.hls/stream_2data000079.ts" />
      <file href="story_content/video_6Vha47banE8_48_194x456.hls/stream_2data000080.ts" />
      <file href="story_content/video_6Vha47banE8_48_194x456.hls/stream_2data000081.ts" />
      <file href="story_content/video_6Vha47banE8_48_194x456.hls/stream_2data000082.ts" />
      <file href="story_content/video_6Vha47banE8_48_194x456.hls/stream_2data000083.ts" />
      <file href="story_content/video_6Vha47banE8_48_194x456.hls/stream_2data000084.ts" />
      <file href="story_content/video_6Vha47banE8_48_194x456.hls/stream_2data000085.ts" />
      <file href="story_content/video_6Vha47banE8_48_194x456.hls/stream_2data000086.ts" />
      <file href="story_content/video_6Vha47banE8_48_194x456.hls/stream_3.m3u8" />
      <file href="story_content/video_6Vha47banE8_48_194x456.hls/stream_3data000000.ts" />
      <file href="story_content/video_6Vha47banE8_48_194x456.hls/stream_3data000001.ts" />
      <file href="story_content/video_6Vha47banE8_48_194x456.hls/stream_3data000002.ts" />
      <file href="story_content/video_6Vha47banE8_48_194x456.hls/stream_3data000003.ts" />
      <file href="story_content/video_6Vha47banE8_48_194x456.hls/stream_3data000004.ts" />
      <file href="story_content/video_6Vha47banE8_48_194x456.hls/stream_3data000005.ts" />
      <file href="story_content/video_6Vha47banE8_48_194x456.hls/stream_3data000006.ts" />
      <file href="story_content/video_6Vha47banE8_48_194x456.hls/stream_3data000007.ts" />
      <file href="story_content/video_6Vha47banE8_48_194x456.hls/stream_3data000008.ts" />
      <file href="story_content/video_6Vha47banE8_48_194x456.hls/stream_3data000009.ts" />
      <file href="story_content/video_6Vha47banE8_48_194x456.hls/stream_3data000010.ts" />
      <file href="story_content/video_6Vha47banE8_48_194x456.hls/stream_3data000011.ts" />
      <file href="story_content/video_6Vha47banE8_48_194x456.hls/stream_3data000012.ts" />
      <file href="story_content/video_6Vha47banE8_48_194x456.hls/stream_3data000013.ts" />
      <file href="story_content/video_6Vha47banE8_48_194x456.hls/stream_3data000014.ts" />
      <file href="story_content/video_6Vha47banE8_48_194x456.hls/stream_3data000015.ts" />
      <file href="story_content/video_6Vha47banE8_48_194x456.hls/stream_3data000016.ts" />
      <file href="story_content/video_6Vha47banE8_48_194x456.hls/stream_3data000017.ts" />
      <file href="story_content/video_6Vha47banE8_48_194x456.hls/stream_3data000018.ts" />
      <file href="story_content/video_6Vha47banE8_48_194x456.hls/stream_3data000019.ts" />
      <file href="story_content/video_6Vha47banE8_48_194x456.hls/stream_3data000020.ts" />
      <file href="story_content/video_6Vha47banE8_48_194x456.hls/stream_3data000021.ts" />
      <file href="story_content/video_6Vha47banE8_48_194x456.hls/stream_3data000022.ts" />
      <file href="story_content/video_6Vha47banE8_48_194x456.hls/stream_3data000023.ts" />
      <file href="story_content/video_6Vha47banE8_48_194x456.hls/stream_3data000024.ts" />
      <file href="story_content/video_6Vha47banE8_48_194x456.hls/stream_3data000025.ts" />
      <file href="story_content/video_6Vha47banE8_48_194x456.hls/stream_3data000026.ts" />
      <file href="story_content/video_6Vha47banE8_48_194x456.hls/stream_3data000027.ts" />
      <file href="story_content/video_6Vha47banE8_48_194x456.hls/stream_3data000028.ts" />
      <file href="story_content/video_6Vha47banE8_48_194x456.hls/stream_3data000029.ts" />
      <file href="story_content/video_6Vha47banE8_48_194x456.hls/stream_3data000030.ts" />
      <file href="story_content/video_6Vha47banE8_48_194x456.hls/stream_3data000031.ts" />
      <file href="story_content/video_6Vha47banE8_48_194x456.hls/stream_3data000032.ts" />
      <file href="story_content/video_6Vha47banE8_48_194x456.hls/stream_3data000033.ts" />
      <file href="story_content/video_6Vha47banE8_48_194x456.hls/stream_3data000034.ts" />
      <file href="story_content/video_6Vha47banE8_48_194x456.hls/stream_3data000035.ts" />
      <file href="story_content/video_6Vha47banE8_48_194x456.hls/stream_3data000036.ts" />
      <file href="story_content/video_6Vha47banE8_48_194x456.hls/stream_3data000037.ts" />
      <file href="story_content/video_6Vha47banE8_48_194x456.hls/stream_3data000038.ts" />
      <file href="story_content/video_6Vha47banE8_48_194x456.hls/stream_3data000039.ts" />
      <file href="story_content/video_6Vha47banE8_48_194x456.hls/stream_3data000040.ts" />
      <file href="story_content/video_6Vha47banE8_48_194x456.hls/stream_3data000041.ts" />
      <file href="story_content/video_6Vha47banE8_48_194x456.hls/stream_3data000042.ts" />
      <file href="story_content/video_6Vha47banE8_48_194x456.hls/stream_3data000043.ts" />
      <file href="story_content/video_6Vha47banE8_48_194x456.hls/stream_3data000044.ts" />
      <file href="story_content/video_6Vha47banE8_48_194x456.hls/stream_3data000045.ts" />
      <file href="story_content/video_6Vha47banE8_48_194x456.hls/stream_3data000046.ts" />
      <file href="story_content/video_6Vha47banE8_48_194x456.hls/stream_3data000047.ts" />
      <file href="story_content/video_6Vha47banE8_48_194x456.hls/stream_3data000048.ts" />
      <file href="story_content/video_6Vha47banE8_48_194x456.hls/stream_3data000049.ts" />
      <file href="story_content/video_6Vha47banE8_48_194x456.hls/stream_3data000050.ts" />
      <file href="story_content/video_6Vha47banE8_48_194x456.hls/stream_3data000051.ts" />
      <file href="story_content/video_6Vha47banE8_48_194x456.hls/stream_3data000052.ts" />
      <file href="story_content/video_6Vha47banE8_48_194x456.hls/stream_3data000053.ts" />
      <file href="story_content/video_6Vha47banE8_48_194x456.hls/stream_3data000054.ts" />
      <file href="story_content/video_6Vha47banE8_48_194x456.hls/stream_3data000055.ts" />
      <file href="story_content/video_6Vha47banE8_48_194x456.hls/stream_3data000056.ts" />
      <file href="story_content/video_6Vha47banE8_48_194x456.hls/stream_3data000057.ts" />
      <file href="story_content/video_6Vha47banE8_48_194x456.hls/stream_3data000058.ts" />
      <file href="story_content/video_6Vha47banE8_48_194x456.hls/stream_3data000059.ts" />
      <file href="story_content/video_6Vha47banE8_48_194x456.hls/stream_3data000060.ts" />
      <file href="story_content/video_6Vha47banE8_48_194x456.hls/stream_3data000061.ts" />
      <file href="story_content/video_6Vha47banE8_48_194x456.hls/stream_3data000062.ts" />
      <file href="story_content/video_6Vha47banE8_48_194x456.hls/stream_3data000063.ts" />
      <file href="story_content/video_6Vha47banE8_48_194x456.hls/stream_3data000064.ts" />
      <file href="story_content/video_6Vha47banE8_48_194x456.hls/stream_3data000065.ts" />
      <file href="story_content/video_6Vha47banE8_48_194x456.hls/stream_3data000066.ts" />
      <file href="story_content/video_6Vha47banE8_48_194x456.hls/stream_3data000067.ts" />
      <file href="story_content/video_6Vha47banE8_48_194x456.hls/stream_3data000068.ts" />
      <file href="story_content/video_6Vha47banE8_48_194x456.hls/stream_3data000069.ts" />
      <file href="story_content/video_6Vha47banE8_48_194x456.hls/stream_3data000070.ts" />
      <file href="story_content/video_6Vha47banE8_48_194x456.hls/stream_3data000071.ts" />
      <file href="story_content/video_6Vha47banE8_48_194x456.hls/stream_3data000072.ts" />
      <file href="story_content/video_6Vha47banE8_48_194x456.hls/stream_3data000073.ts" />
      <file href="story_content/video_6Vha47banE8_48_194x456.hls/stream_3data000074.ts" />
      <file href="story_content/video_6Vha47banE8_48_194x456.hls/stream_3data000075.ts" />
      <file href="story_content/video_6Vha47banE8_48_194x456.hls/stream_3data000076.ts" />
      <file href="story_content/video_6Vha47banE8_48_194x456.hls/stream_3data000077.ts" />
      <file href="story_content/video_6Vha47banE8_48_194x456.hls/stream_3data000078.ts" />
      <file href="story_content/video_6Vha47banE8_48_194x456.hls/stream_3data000079.ts" />
      <file href="story_content/video_6Vha47banE8_48_194x456.hls/stream_3data000080.ts" />
      <file href="story_content/video_6Vha47banE8_48_194x456.hls/stream_3data000081.ts" />
      <file href="story_content/video_6Vha47banE8_48_194x456.hls/stream_3data000082.ts" />
      <file href="story_content/video_6Vha47banE8_48_194x456.hls/stream_3data000083.ts" />
      <file href="story_content/video_6Vha47banE8_48_194x456.hls/stream_3data000084.ts" />
      <file href="story_content/video_6Vha47banE8_48_194x456.hls/stream_3data000085.ts" />
      <file href="story_content/video_6Vha47banE8_48_194x456.hls/stream_3data000086.ts" />
      <file href="mobile/poster_65hv7C50lJ2_main.jpg" />
      <file href="story_content/6SP5SRrNBQu.js" />
      <file href="story_content/5YhtERppgbg.js" />
      <file href="story_content/5u8WN6y4p0A.js" />
      <file href="story_content/6OCD6lslOne.html" />
      <file href="mobile/6OCD6lslOne6rRP5LzC1gM{Width=446, Height=250.875}Light.png" />
      <file href="story_content/5e1YBwl4FKn.js" />
      <file href="story_content/5wnVdVLP0eg.js" />
      <file href="story_content/64F4Lxvi6j9.js" />
      <file href="story_content/5ozcbUSkzD1.js" />
      <file href="story_content/6ApiwOEfwAY.js" />
      <file href="story_content/6566hqhxxiW.js" />
      <file href="story_content/5ovqRMqjv69.js" />
      <file href="story_content/5wIhnBvG5Zu.js" />
      <file href="story_content/6UviZ5FXQoX.js" />
      <file href="mobile/6WYBpIV6pdA.png" />
      <file href="story_content/6AxDTKFMxZh_44100_48_0.mp3" />
      <file href="mobile/6GnpaKOB62W_B-30.jpg" />
      <file href="story_content/5oIzKk5rjPP.js" />
      <file href="story_content/5yP6GGSUMek.js" />
      <file href="story_content/6PFuq9neRGM.js" />
      <file href="story_content/5yP6GGSUMekx.js" />
      <file href="meta.xml" />
      <file href="story_content/triggers.js" />
      <file href="story_content/user.js" />
      <file href="mobile/Shape6nW2ZyYYFtT.png" />
      <file href="mobile/Shape5ZSosFhvzYy.png" />
      <file href="mobile/Shape6hsBMrUiQXs.png" />
      <file href="mobile/Shape6o7EjwZxRvx.png" />
      <file href="mobile/Shape5WxTS52hijE.png" />
      <file href="mobile/Shape68IPKsol8p9.png" />
      <file href="mobile/Shape5g0lgTmKEWx.png" />
      <file href="mobile/Shape60SiMyaKr2B.png" />
      <file href="mobile/Shape5mdJv3EsHQU.png" />
      <file href="mobile/Shape63DdbCb47Qy.png" />
      <file href="mobile/Shape6NXXpl3Jqvm.png" />
      <file href="mobile/Shape5WD0oEMY52N.png" />
      <file href="mobile/Shape5dEdhb7h1k2.png" />
      <file href="mobile/Shape5fTZQM8PjVq.png" />
      <file href="mobile/Shape6EbslsmBDNN.png" />
      <file href="mobile/Shape5WjL9QPsLDg.png" />
      <file href="mobile/Shape6l6hCQVrPe6.png" />
      <file href="mobile/Shape6LYCTmlyKem.png" />
      <file href="mobile/Shape5lW77TZsyuC.png" />
      <file href="mobile/Shape68KuAnG7sm5.png" />
      <file href="mobile/Shape5jtydGqFksD.png" />
      <file href="mobile/Shape6MlT6YbRAUJ.png" />
      <file href="mobile/Shape5f5WP0KfR5E.png" />
      <file href="mobile/Shape6Ghuj4JVH6n.png" />
      <file href="mobile/Shape65DtV3eedkC.png" />
      <file href="mobile/Shape6dDJvQPknX7.png" />
      <file href="mobile/Shape65T069wMi82.png" />
      <file href="mobile/Shape5dJ1WYexZGl.png" />
      <file href="mobile/Shape6f4x3AZ6yuX.png" />
      <file href="mobile/Shape6pVuDmWGzA9.png" />
      <file href="mobile/Shape6JjKb1MRioL.png" />
      <file href="mobile/Shape6RrSjAUPvJj.png" />
      <file href="mobile/Shape6FUATFW5Vyn.png" />
      <file href="mobile/Shape6oeC9Db2Rnd.png" />
      <file href="html5/data/css/output.min.css" />
      <file href="html5/data/js/5aFH7iaZEFO.js" />
      <file href="html5/data/js/5bShAMXvtDB.js" />
      <file href="html5/data/js/5cOjgAZoAx7.js" />
      <file href="html5/data/js/5czLZz2fL1N.js" />
      <file href="html5/data/js/5dLFRzcyutM.js" />
      <file href="html5/data/js/5fyAmTTH9zj.js" />
      <file href="html5/data/js/5h8xvLAcM4N.js" />
      <file href="html5/data/js/5hQBBXSABL2.js" />
      <file href="html5/data/js/5jHBIqBAydW.js" />
      <file href="html5/data/js/5prP2vzJbYU.js" />
      <file href="html5/data/js/5qfTdhGnzcx.js" />
      <file href="html5/data/js/5qlzUlItdle.js" />
      <file href="html5/data/js/5qwgrG52TLG.js" />
      <file href="html5/data/js/5t1ChPHd5Qz.js" />
      <file href="html5/data/js/5tcnMJCP7gC.js" />
      <file href="html5/data/js/5tnMK7ihp9Y.js" />
      <file href="html5/data/js/5V0TObg8Afl.js" />
      <file href="html5/data/js/5VzdHsVeHyq.js" />
      <file href="html5/data/js/5y9eeiBjllb.js" />
      <file href="html5/data/js/5yP5t6Ysfx3.js" />
      <file href="html5/data/js/5zCBZDeJknc.js" />
      <file href="html5/data/js/5zhhp7hOApm.js" />
      <file href="html5/data/js/5zKe62bHhUI.js" />
      <file href="html5/data/js/5Zx2U2HWcdP.js" />
      <file href="html5/data/js/62n6qxbopkJ.js" />
      <file href="html5/data/js/654m6Pkxwk1.js" />
      <file href="html5/data/js/67O0OWTVHKb.js" />
      <file href="html5/data/js/67ObfCOnNXm.js" />
      <file href="html5/data/js/67yThrgkXft.js" />
      <file href="html5/data/js/693TF7n5W5a.js" />
      <file href="html5/data/js/69FSbTqUQh8.js" />
      <file href="html5/data/js/6a1EaI7ifVw.js" />
      <file href="html5/data/js/6dVgAwIn3bO.js" />
      <file href="html5/data/js/6feAAYZRYXN.js" />
      <file href="html5/data/js/6gAyCpgxM95.js" />
      <file href="html5/data/js/6H6FSedVRWB.js" />
      <file href="html5/data/js/6HGbG9RofGq.js" />
      <file href="html5/data/js/6hta0jdHJwW.js" />
      <file href="html5/data/js/6IanNwbhNJw.js" />
      <file href="html5/data/js/6ig89cPDHE4.js" />
      <file href="html5/data/js/6ISSdKIgtWU.js" />
      <file href="html5/data/js/6J4MHcJ9wv2.js" />
      <file href="html5/data/js/6jIN8OofMc3.js" />
      <file href="html5/data/js/6KXMa8wM1Jg.js" />
      <file href="html5/data/js/6kXZcsrvSeS.js" />
      <file href="html5/data/js/6LN8wJ5zqWi.js" />
      <file href="html5/data/js/6MpQNQQUEYY.js" />
      <file href="html5/data/js/6MTegO1SgwS.js" />
      <file href="html5/data/js/6NaDyb5MVWD.js" />
      <file href="html5/data/js/6OwxOrJXQRT.js" />
      <file href="html5/data/js/6qtDXSdQWkp.js" />
      <file href="html5/data/js/6R3R04AhlUX.js" />
      <file href="html5/data/js/6r6pPtZdf34.js" />
      <file href="html5/data/js/6R8TF6Ag32R.js" />
      <file href="html5/data/js/6SF2W045twJ.js" />
      <file href="html5/data/js/6T04ftEbbmc.js" />
      <file href="html5/data/js/6Tj6UDs98XV.js" />
      <file href="html5/data/js/6TrcGKCJH8W.js" />
      <file href="html5/data/js/6TrIWmANsVw.js" />
      <file href="html5/data/js/6UF0sWmCxHs.js" />
      <file href="html5/data/js/6UzDRnbWS4A.js" />
      <file href="html5/data/js/6XTjLyPAq4a.js" />
      <file href="html5/data/js/data.js" />
      <file href="html5/data/js/frame.js" />
      <file href="html5/data/js/paths.js" />
      <file href="html5/lib/hls/hls.min.js" />
      <file href="html5/lib/scripts/bootstrapper.min.js" />
      <file href="html5/lib/scripts/frame.desktop.min.js" />
      <file href="html5/lib/scripts/frame.mobile.min.js" />
      <file href="html5/lib/scripts/slides.min.js" />
      <file href="html5/lib/stylesheets/desktop.min.css" />
      <file href="html5/lib/stylesheets/mobile.min.css" />
      <file href="html5/lib/stylesheets/mobile-fonts/open-sans-bold.woff" />
      <file href="html5/lib/stylesheets/mobile-fonts/open-sans-light.woff" />
      <file href="html5/lib/stylesheets/mobile-fonts/open-sans-regular.woff" />
      <file href="analytics-frame.html" />
      <file href="story.html" />
      <file href="index_lms.html" />
      <file href="lms/AICCComm.html" />
      <file href="lms/blank.html" />
      <file href="lms/browsersniff.js" />
      <file href="lms/goodbye.html" />
      <file href="lms/scormdriver.js" />
    </resource>
  </resources>
</manifest>